{
    "loss": 2.5700924396514893,
    "accuracy": 0.7857142686843872
}