{
    "loss": 1.1086949110031128,
    "accuracy": 0.8681318759918213
}